user_id,conv_id,turn_id,conv_starter,topic,language,tools,interactions,reasoning,thinking,thoughts,models,user_msg_history,assistant_msg_history,time,month,srcs_retrieved,srcs_safe_urls,srcs_cited,asistant_response,user_query,ranks_srcs_retrieved,ranks_srcs_cited
0,d125fb93-a11d-43c9-8f51-0d0806806a44,1,1,Other,en,['SEARCH'],"['user', 'assistant']",0,0,,"['deepseek-chat', 'deepseek-chat']",['What are the News today?'],"['Here is a summary of some of the top news stories from around the world today, August 20, 2026.\n\n### ⚔️ Conflict & Geopolitics\n\n*   **Russia-Ukraine War:** Russia launched a massive overnight missile and drone barrage on Kyiv, killing at least 16 people and wounding about 40. President Zelenskyy has called on allies for more air defense interceptors. In a separate development, Russia and Ukraine exchanged 103 captured soldiers each, in a swap mediated by the UAE[citation:2][citation:7][citation:12].\n*   **US-Iran Tensions:** President Trump announced a new, unprecedented economic operation against Iran, calling it ""economic warfare."" This comes as the US also released updated casualty figures from its conflict with Iran, now reporting 18 American deaths and 757 injuries[citation:4][citation:5].\n\n### ⚖️ International Law & Diplomacy\n\n*   **ICC vs. US:** The International Criminal Court (ICC) condemned the US for imposing sanctions on its president, Tomoko Akane, calling it a ""flagrant attack"" on the court\'s independence. The EU has voiced support for Akane[citation:4][citation:10].\n\n### 🌪️ Natural Disasters & Severe Weather\n\n*   **Storms in Germany:** A powerful storm across Germany has resulted in at least one death and damaged dozens of homes. A woman was killed by a falling tree in Rhineland-Palatinate, and a tornado was reported in Brandenburg[citation:1][citation:3].\n*   **Indonesia Earthquake Aftershocks:** The number of injured from the 7.7-magnitude earthquake that struck Flores Island on August 15 has jumped sharply to nearly 1,200, with over 40,000 people displaced by the disaster[citation:12].\n\n### 🏛️ Major Incidents & Legal News\n\n*   **China:** The founder of the troubled property developer Evergrande, Hui Ka Yan, was sentenced to life in prison by a Chinese court for inflating the group\'s assets and concealing its liabilities[citation:2].\n*   **US:** A Texas judge will consider a new trial for Karmelo Anthony, who was convicted of murder in the stabbing death of a 17-year-old athlete at a high school track meet[citation:2].\n*   **Middle East:** Israel\'s military has launched criminal investigations into the killings of 5-year-old Hind Rajab and 15 Palestinian paramedics in Gaza. Meanwhile, an AP investigation revealed a booming smuggling trade into Gaza, with officials and soldiers accused of profiting[citation:2].\n\n### 📈 Other News in Brief\n\n*   **Solar Energy Milestone:** Germany has already reached its annual target for solar energy expansion, surpassing 128 gigawatts of installed capacity. However, an industry association warns that future goals are at risk due to planned government changes[citation:11].\n*   **Norovirus Outbreak:** A suspected norovirus outbreak at a hotel in Bavaria, Germany, has left 31 people with gastrointestinal issues[citation:6].\n*   **Japan-US Relations:** President Trump stated he expects to meet with North Korean leader Kim Jong Un by the end of the year, while a cross-party group of Japanese lawmakers is set to visit China next week to ease diplomatic tensions[citation:5][citation:10][citation:5].']",2026-08-20 22:50:31.530,2026-08-01,"[{'url': 'https://www.dw.com/en/germany-live-blog-storms-damage-rhineland-palatinate-hesse/live-78439067?maca=en-rss-en-all-1573-rdf', 'domain': 'dw.com', 'title': 'Germany news: Powerful storms damage homes, leave 1 dead', 'snippet': '', 'ref_index': None}, {'url': 'https://www.wktv.com/news/local/national-and-international-news-in-focus-aug-20/article_ea271730-b4eb-5b27-9297-d92119a912fe.html', 'domain': 'wktv.com', 'title': 'National and International News in Focus: Aug. 20', 'snippet': '', 'ref_index': None}, {'url': 'https://www.deutschlandfunk.de/frau-stirbt-durch-herabstuerzenden-baum-in-rheinland-pfalz-tornado-in-brandenburg-100.html', 'domain': 'deutschlandfunk.de', 'title': 'Unwetter - Frau stirbt durch herabstürzenden Baum in Rheinland-Pfalz, Tornado in Brandenburg', 'snippet': '', 'ref_index': None}, {'url': 'https://today.rtl.lu/radio/news/fuel-hikes-in-luxembourg-trumps-iran-crackdown-and-icc-clashes-with-washington-124526570', 'domain': 'today.rtl.lu', 'title': ""Morning Roundup: Fuel hikes in Luxembourg, Trump's Iran crackdown, and ICC clashes with Washington"", 'snippet': '', 'ref_index': None}, {'url': 'https://www.sohu.com/a/1065371661_516458?scm=10001.325_13-325_13.0.0-0-0-0-0.5_1334&spm=smpc.channel_248.block3_308_NDdFbm_1_fd.2.1787214274383mx37ktI', 'domain': 'sohu.com', 'title': '今天全世界都在看的新闻 2026.8.20', 'snippet': '', 'ref_index': None}, {'url': 'https://m.gmw.cn/2026-08/20/content_1304551239.htm', 'domain': 'm.gmw.cn', 'title': '德国一酒店出现疑似诺如病毒感染 31人胃肠不适', 'snippet': '', 'ref_index': None}, {'url': 'https://www.163.com/dy/article/L4P1U5H70530JPVV.html', 'domain': '163.com', 'title': '俄罗斯发动大规模袭击！爆炸声“无穷无尽”', 'snippet': '', 'ref_index': None}, {'url': 'https://www.toutiao.com/article/7675928121975898651/?wid=1787214048171', 'domain': 'toutiao.com', 'title': '河北秦皇岛一底商凌晨发生火灾，造成8人死亡，3人送医救治，当地通报：现场明火被扑灭，正开展事故原因调查 - 今日头条', 'snippet': '', 'ref_index': None}, {'url': 'https://baijiahao.baidu.com/s?id=1874026766755831608', 'domain': 'baijiahao.baidu.com', 'title': '德国莱茵河低水位冲击工业运输链', 'snippet': '', 'ref_index': None}, {'url': 'https://english.kyodonews.net/articles/-/82610', 'domain': 'english.kyodonews.net', 'title': 'Kyodo News Digest: Aug. 20, 2026', 'snippet': '', 'ref_index': None}, {'url': 'https://www.deutschlandfunk.de/deutschland-erreicht-jahresziel-fuer-solarausbau-bundesverband-sieht-kuenftige-ziele-in-gefahr-104.html', 'domain': 'deutschlandfunk.de', 'title': 'Erneuerbare Energien - Deutschland erreicht Jahresziel für Solarausbau - Bundesverband sieht künftige Ziele in Gefahr', 'snippet': '', 'ref_index': None}, {'url': 'https://www.myanmaritv.com/news/number-displaced-injured-indonesia-quake-jumps-sharply', 'domain': 'myanmaritv.com', 'title': 'Number of displaced, injured from Indonesia quake jumps sharply', 'snippet': '', 'ref_index': None}]",[],"[{'url': '', 'domain': '', 'title': '', 'snippet': '', 'ref_index': 2}, {'url': '', 'domain': '', 'title': '', 'snippet': '', 'ref_index': 7}, {'url': '', 'domain': '', 'title': '', 'snippet': '', 'ref_index': 12}, {'url': '', 'domain': '', 'title': '', 'snippet': '', 'ref_index': 4}, {'url': '', 'domain': '', 'title': '', 'snippet': '', 'ref_index': 5}, {'url': '', 'domain': '', 'title': '', 'snippet': '', 'ref_index': 10}, {'url': '', 'domain': '', 'title': '', 'snippet': '', 'ref_index': 1}, {'url': '', 'domain': '', 'title': '', 'snippet': '', 'ref_index': 3}, {'url': '', 'domain': '', 'title': '', 'snippet': '', 'ref_index': 11}, {'url': '', 'domain': '', 'title': '', 'snippet': '', 'ref_index': 6}]","Here is a summary of some of the top news stories from around the world today, August 20, 2026.

### ⚔️ Conflict & Geopolitics

*   **Russia-Ukraine War:** Russia launched a massive overnight missile and drone barrage on Kyiv, killing at least 16 people and wounding about 40. President Zelenskyy has called on allies for more air defense interceptors. In a separate development, Russia and Ukraine exchanged 103 captured soldiers each, in a swap mediated by the UAE[citation:2][citation:7][citation:12].
*   **US-Iran Tensions:** President Trump announced a new, unprecedented economic operation against Iran, calling it ""economic warfare."" This comes as the US also released updated casualty figures from its conflict with Iran, now reporting 18 American deaths and 757 injuries[citation:4][citation:5].

### ⚖️ International Law & Diplomacy

*   **ICC vs. US:** The International Criminal Court (ICC) condemned the US for imposing sanctions on its president, Tomoko Akane, calling it a ""flagrant attack"" on the court's independence. The EU has voiced support for Akane[citation:4][citation:10].

### 🌪️ Natural Disasters & Severe Weather

*   **Storms in Germany:** A powerful storm across Germany has resulted in at least one death and damaged dozens of homes. A woman was killed by a falling tree in Rhineland-Palatinate, and a tornado was reported in Brandenburg[citation:1][citation:3].
*   **Indonesia Earthquake Aftershocks:** The number of injured from the 7.7-magnitude earthquake that struck Flores Island on August 15 has jumped sharply to nearly 1,200, with over 40,000 people displaced by the disaster[citation:12].

### 🏛️ Major Incidents & Legal News

*   **China:** The founder of the troubled property developer Evergrande, Hui Ka Yan, was sentenced to life in prison by a Chinese court for inflating the group's assets and concealing its liabilities[citation:2].
*   **US:** A Texas judge will consider a new trial for Karmelo Anthony, who was convicted of murder in the stabbing death of a 17-year-old athlete at a high school track meet[citation:2].
*   **Middle East:** Israel's military has launched criminal investigations into the killings of 5-year-old Hind Rajab and 15 Palestinian paramedics in Gaza. Meanwhile, an AP investigation revealed a booming smuggling trade into Gaza, with officials and soldiers accused of profiting[citation:2].

### 📈 Other News in Brief

*   **Solar Energy Milestone:** Germany has already reached its annual target for solar energy expansion, surpassing 128 gigawatts of installed capacity. However, an industry association warns that future goals are at risk due to planned government changes[citation:11].
*   **Norovirus Outbreak:** A suspected norovirus outbreak at a hotel in Bavaria, Germany, has left 31 people with gastrointestinal issues[citation:6].
*   **Japan-US Relations:** President Trump stated he expects to meet with North Korean leader Kim Jong Un by the end of the year, while a cross-party group of Japanese lawmakers is set to visit China next week to ease diplomatic tensions[citation:5][citation:10][citation:5].",What are the News today?,"[1307, 149757, 10285, -1, 433, -1, 397, 2891, -1, -1, 10285, -1]","[-1, -1, -1, -1, -1, -1, -1, -1, -1, -1]"
0,d40366a9-ffc3-4b81-8fc1-10909075ae60,1,1,Travel,en,['SEARCH'],"['user', 'assistant']",0,0,,"['deepseek-chat', 'deepseek-chat']",['What are the 10 best places that everyone should visit in the world?'],"['To identify the world\'s top places to visit, I\'ve looked at lists from multiple sources, including National Geographic\'s recent recommendations for 2026 [citation:3][citation:6]. The ""best"" places can be a personal choice, so this list offers a mix of different experiences, from ancient history to natural wonders and cultural hotspots.\n\nHere are 10 exceptional places that frequently appear on ""must-visit"" lists:\n\n| Destination | Why It\'s a Must-Visit | What\'s New / Key Highlight |\n| :--- | :--- | :--- |\n| **The Dolomites, Italy** [citation:3][citation:6] | Dramatic Alpine scenery with jagged peaks, meadows, and world-class skiing. | **Hosting the 2026 Winter Olympics**, adding a global sporting spectacle to its natural beauty [citation:3][citation:6][citation:8]. |\n| **Beijing, China** [citation:3][citation:6][citation:8] | A deep dive into China\'s imperial past and a modern, vibrant capital. | **New UNESCO-listed ""Beijing Central Axis""** historical corridor with a sightseeing bus; access to the Great Wall at night [citation:3][citation:6][citation:8]. |\n| **Kyoto, Japan** [citation:4][citation:11] | The heart of traditional Japan with over 1,600 temples and serene gardens. | **A timeless journey into Japanese culture.** The iconic Fushimi Inari Shrine and Arashiyama Bamboo Grove are unmissable [citation:4][citation:11]. |\n| **Rome, Italy** [citation:4][citation:9][citation:11] | A ""living museum"" where ancient history and modern life coexist. | **Exploring the Colosseum, Roman Forum, and Vatican City.** A paradise for history buffs and food lovers alike [citation:4][citation:11]. |\n| **Machu Picchu, Peru** [citation:4][citation:11][citation:12] | An ancient Incan city hidden high in the Andes, a testament to human ingenuity. | **A once-in-a-lifetime experience.** Accessible via train or the famous Inca Trail; offers breathtaking views [citation:4][citation:11]. |\n| **Dominica** [citation:3][citation:6][citation:8] | A Caribbean island focused on raw, untouched nature and conservation. | **Creating the world\'s first sperm whale reserve** for responsible wildlife encounters [citation:3][citation:6][citation:8]. |\n| **Patagonia, Argentina & Chile** [citation:9] | The epitome of raw, untamed wilderness at the ""edge of the world."" | **Unparalleled trekking and scenery.** Explore jagged peaks in Torres del Paine and the immense Perito Moreno Glacier [citation:9]. |\n| **Serengeti, Tanzania** [citation:9] | The quintessential safari destination where nature runs the show. | **Witnessing the Great Migration**, a spectacle of thousands of wildebeest and zebras moving across the plains [citation:9]. |\n| **Iceland** [citation:11][citation:12] | The ""Land of Fire and Ice,"" offering a landscape of otherworldly beauty. | **Raw natural beauty.** See glaciers, volcanoes, waterfalls, black-sand beaches, and the Northern Lights [citation:11][citation:12]. |\n| **Paris, France** [citation:4][citation:9][citation:11] | An eternal symbol of romance, art, and culture. | **The timeless classic.** Visit the Eiffel Tower, Louvre Museum, and charming neighborhoods like Montmartre [citation:4][citation:11]. |\n\n### ✨ A Note on 2026\n\nMany of the experts\' lists, including National Geographic\'s ""Best of the World 2026,"" have a strong focus on places offering a new or improved experience for travelers in the coming year [citation:2][citation:3]. This could be a major event like the Olympics, a new conservation project, or improved access. It makes 2026 a particularly exciting time to visit many of these destinations.\n\nI hope this list gives you some great ideas for your travels! Do you have a particular type of experience—like adventure, history, or relaxation—that you\'re most interested in?']",2026-08-20 22:53:46.632,2026-08-01,"[{'url': 'https://www.ab-in-den-urlaub.de/magazin/reisetipps/schoensten-orte-welt/?msclkid=a36ecfea9c6116e317a1a6c8d827fea3', 'domain': 'ab-in-den-urlaub.de', 'title': 'Die schönsten Orte der Welt - Top 10', 'snippet': '', 'ref_index': None}, {'url': 'https://www.bbc.com/travel/article/20251209-the-20-best-places-to-travel-in-2026?trk=article-ssr-frontend-pulse_little-text-block#1', 'domain': 'bbc.com', 'title': 'The 20 best places to travel in 2026 - The 20 best places to travel in 2026', 'snippet': '', 'ref_index': None}, {'url': 'https://www.wionews.com/photos/planning-a-holiday-trip-national-geographic-names-world-s-top-10-travel-destinations-for-2026-1769507512274#1', 'domain': 'wionews.com', 'title': 'Planning a holiday trip? National Geographic names world’s top 10 travel destinations for 2026 - |Tue, Aug 4, 2026 | Updated: 04.53PM IST', 'snippet': '', 'ref_index': None}, {'url': 'https://travelwithme.my.id/top-10-must-visit-tourist-destinations-around-the-world.html', 'domain': 'travelwithme.my.id', 'title': 'Top 10 Must-Visit Tourist Destinations Around the World - TW', 'snippet': '', 'ref_index': None}, {'url': 'https://www.nationalgeographic.com/travel/slideshow/best-of-the-world-2025?cmpid=org=ngp::mc=social::src=linkedin::cmp=editorial::add=li20241026travel-botw2025guatemalavidfreemium&linkId=634921968#1', 'domain': 'nationalgeographic.com', 'title': 'Best of the World 2025 - The 25 best places in the world to travel to in 2025', 'snippet': '', 'ref_index': None}, {'url': 'https://indianexpress.com/article/lifestyle/destination-of-the-week/these-are-some-of-the-best-places-in-the-world-to-visit-in-2026-10368982/lite/#1', 'domain': 'indianexpress.com', 'title': 'These are some of the best places in the world to visit in 2026 - Premium', 'snippet': '', 'ref_index': None}, {'url': 'https://www.pht.com.au/blog/25-unforgettable-places-to-visit-in-2026', 'domain': 'pht.com.au', 'title': '25 Unforgettable Places to Visit in 2026', 'snippet': '', 'ref_index': None}, {'url': 'https://www.mypunepulse.com/planning-a-holiday-in-2026-national-geographic-reveals-the-worlds-top-10-must-visit-destinations/#1', 'domain': 'mypunepulse.com', 'title': 'Planning a Holiday in 2026? National Geographic Reveals the World’s Top 10 Must-Visit Destinations - PUNE PULSE - Skip to content', 'snippet': '', 'ref_index': None}, {'url': 'https://www.weroad.com/blog/bucket-list-destinations#1', 'domain': 'weroad.com', 'title': 'Top 10 bucket list destinations: once in a lifetime trips you need to experience - Top 10 bucket list destinations: once in a lifetime trips you need to experience', 'snippet': '', 'ref_index': None}, {'url': 'https://www.bostonglobe.com/2025/12/31/lifestyle/where-to-go-in-2026-advice-travel-writer/#1', 'domain': 'bostonglobe.com', 'title': 'Where to go in 2026: Advice from travel writer Christopher Muther - The Boston Globe - TRAVEL', 'snippet': '', 'ref_index': None}, {'url': 'http://nicolestravels.com/10-of-the-best-traveling-spots-to-add-to-your-bucket-list/', 'domain': 'nicolestravels.com', 'title': '10 Best Traveling Spots for Your Bucket List', 'snippet': '', 'ref_index': None}, {'url': 'https://forevertravelingblog.com/2026/06/14/10-bucket-list-places-to-visit/', 'domain': 'forevertravelingblog.com', 'title': '10 Bucket List Places to Visit - Forever Traveling', 'snippet': '', 'ref_index': None}]",[],"[{'url': '', 'domain': '', 'title': '', 'snippet': '', 'ref_index': 3}, {'url': '', 'domain': '', 'title': '', 'snippet': '', 'ref_index': 6}, {'url': '', 'domain': '', 'title': '', 'snippet': '', 'ref_index': 8}, {'url': '', 'domain': '', 'title': '', 'snippet': '', 'ref_index': 4}, {'url': '', 'domain': '', 'title': '', 'snippet': '', 'ref_index': 11}, {'url': '', 'domain': '', 'title': '', 'snippet': '', 'ref_index': 9}, {'url': '', 'domain': '', 'title': '', 'snippet': '', 'ref_index': 12}, {'url': '', 'domain': '', 'title': '', 'snippet': '', 'ref_index': 2}]","To identify the world's top places to visit, I've looked at lists from multiple sources, including National Geographic's recent recommendations for 2026 [citation:3][citation:6]. The ""best"" places can be a personal choice, so this list offers a mix of different experiences, from ancient history to natural wonders and cultural hotspots.

Here are 10 exceptional places that frequently appear on ""must-visit"" lists:

| Destination | Why It's a Must-Visit | What's New / Key Highlight |
| :--- | :--- | :--- |
| **The Dolomites, Italy** [citation:3][citation:6] | Dramatic Alpine scenery with jagged peaks, meadows, and world-class skiing. | **Hosting the 2026 Winter Olympics**, adding a global sporting spectacle to its natural beauty [citation:3][citation:6][citation:8]. |
| **Beijing, China** [citation:3][citation:6][citation:8] | A deep dive into China's imperial past and a modern, vibrant capital. | **New UNESCO-listed ""Beijing Central Axis""** historical corridor with a sightseeing bus; access to the Great Wall at night [citation:3][citation:6][citation:8]. |
| **Kyoto, Japan** [citation:4][citation:11] | The heart of traditional Japan with over 1,600 temples and serene gardens. | **A timeless journey into Japanese culture.** The iconic Fushimi Inari Shrine and Arashiyama Bamboo Grove are unmissable [citation:4][citation:11]. |
| **Rome, Italy** [citation:4][citation:9][citation:11] | A ""living museum"" where ancient history and modern life coexist. | **Exploring the Colosseum, Roman Forum, and Vatican City.** A paradise for history buffs and food lovers alike [citation:4][citation:11]. |
| **Machu Picchu, Peru** [citation:4][citation:11][citation:12] | An ancient Incan city hidden high in the Andes, a testament to human ingenuity. | **A once-in-a-lifetime experience.** Accessible via train or the famous Inca Trail; offers breathtaking views [citation:4][citation:11]. |
| **Dominica** [citation:3][citation:6][citation:8] | A Caribbean island focused on raw, untouched nature and conservation. | **Creating the world's first sperm whale reserve** for responsible wildlife encounters [citation:3][citation:6][citation:8]. |
| **Patagonia, Argentina & Chile** [citation:9] | The epitome of raw, untamed wilderness at the ""edge of the world."" | **Unparalleled trekking and scenery.** Explore jagged peaks in Torres del Paine and the immense Perito Moreno Glacier [citation:9]. |
| **Serengeti, Tanzania** [citation:9] | The quintessential safari destination where nature runs the show. | **Witnessing the Great Migration**, a spectacle of thousands of wildebeest and zebras moving across the plains [citation:9]. |
| **Iceland** [citation:11][citation:12] | The ""Land of Fire and Ice,"" offering a landscape of otherworldly beauty. | **Raw natural beauty.** See glaciers, volcanoes, waterfalls, black-sand beaches, and the Northern Lights [citation:11][citation:12]. |
| **Paris, France** [citation:4][citation:9][citation:11] | An eternal symbol of romance, art, and culture. | **The timeless classic.** Visit the Eiffel Tower, Louvre Museum, and charming neighborhoods like Montmartre [citation:4][citation:11]. |

### ✨ A Note on 2026

Many of the experts' lists, including National Geographic's ""Best of the World 2026,"" have a strong focus on places offering a new or improved experience for travelers in the coming year [citation:2][citation:3]. This could be a major event like the Olympics, a new conservation project, or improved access. It makes 2026 a particularly exciting time to visit many of these destinations.

I hope this list gives you some great ideas for your travels! Do you have a particular type of experience—like adventure, history, or relaxation—that you're most interested in?",What are the 10 best places that everyone should visit in the world?,"[26573, 207, 17866, -1, 947, 2829, -1, 308120, 376391, 3965, -1, -1]","[-1, -1, -1, -1, -1, -1, -1, -1]"
